City_ID,City,Lat,Lng,Max Temp,Humidity,Cloudiness,Wind Speed,Country,Date,Current Description
0,Bethel,41.37,-73.41,75.99,83,1,1.99,US,2020-08-22 14:09:54,clear sky
1,Rikitea,-23.12,-134.97,66.13,71,100,19.55,PF,2020-08-22 14:17:26,overcast clouds
2,Saint-Philippe,-21.36,55.77,71.6,68,35,19.46,RE,2020-08-22 14:17:57,scattered clouds
3,Victoria,22.29,114.16,84.99,75,100,1.99,HK,2020-08-22 14:18:56,overcast clouds
4,Kapaa,22.08,-159.32,78.8,74,1,13.87,US,2020-08-22 14:21:40,clear sky
5,Airai,-8.93,125.41,57.78,65,30,4.07,TL,2020-08-22 14:21:40,scattered clouds
6,Hamilton,39.18,-84.53,75.99,83,75,3.36,US,2020-08-22 14:21:40,light rain
7,San Patricio,19.22,-104.7,80.47,82,4,2.24,MX,2020-08-22 14:17:26,clear sky
8,Mataura,-46.19,168.86,42.01,96,93,1.01,NZ,2020-08-22 14:21:41,overcast clouds
9,Bredasdorp,-34.53,20.04,68.0,60,0,12.75,ZA,2020-08-22 14:21:41,clear sky
10,Danjiangkou,32.54,111.51,72.36,93,97,1.34,CN,2020-08-22 14:21:41,overcast clouds
11,Dikson,73.51,80.55,46.76,77,4,15.05,RU,2020-08-22 14:17:47,clear sky
12,Yakeshi,49.28,120.73,64.0,71,100,4.99,CN,2020-08-22 14:21:41,overcast clouds
13,Shimoda,34.67,138.95,75.0,89,99,3.22,JP,2020-08-22 14:21:41,light rain
14,Portland,45.52,-122.68,61.0,87,20,2.75,US,2020-08-22 14:17:34,few clouds
15,Denpasar,-8.65,115.22,78.8,100,20,11.41,ID,2020-08-22 14:18:10,few clouds
16,Hithadhoo,-0.6,73.08,83.62,78,0,13.38,MV,2020-08-22 14:17:42,clear sky
17,Talnakh,69.49,88.4,62.6,59,100,8.95,RU,2020-08-22 14:17:45,overcast clouds
18,Puerto Ayora,-0.74,-90.35,66.0,94,100,4.0,EC,2020-08-22 14:17:39,overcast clouds
19,Kruisfontein,-34.0,24.73,66.0,52,0,7.02,ZA,2020-08-22 14:17:28,clear sky
20,Hasaki,35.73,140.83,78.8,88,75,4.7,JP,2020-08-22 14:21:42,broken clouds
21,Yulara,-25.24,130.99,55.4,30,0,5.82,AU,2020-08-22 14:21:42,clear sky
22,Monrovia,6.3,-10.8,80.6,94,75,8.05,LR,2020-08-22 14:20:17,broken clouds
23,Mount Isa,-20.73,139.5,62.6,25,78,6.93,AU,2020-08-22 14:18:12,broken clouds
24,Port Elizabeth,-33.92,25.57,73.4,35,0,8.05,ZA,2020-08-22 14:21:42,clear sky
25,Raga,8.46,25.68,83.32,77,100,3.6,SS,2020-08-22 14:21:42,light rain
26,Tuktoyaktuk,69.45,-133.04,42.8,100,40,9.17,CA,2020-08-22 14:21:42,scattered clouds
27,Bluff,-46.6,168.33,42.01,96,34,1.01,NZ,2020-08-22 14:21:42,scattered clouds
28,Busselton,-33.65,115.33,54.0,74,85,7.72,AU,2020-08-22 14:17:23,overcast clouds
29,Vaini,-21.2,-175.2,75.2,94,75,4.7,TO,2020-08-22 14:21:43,broken clouds
30,Aswan,24.09,32.91,104.47,11,0,15.17,EG,2020-08-22 14:18:00,clear sky
31,Yellowknife,62.46,-114.35,50.0,87,75,11.41,CA,2020-08-22 14:16:48,broken clouds
32,Yilan,24.76,121.75,80.6,94,75,3.36,TW,2020-08-22 14:21:43,light intensity shower rain
33,Thiruvananthapuram,8.48,76.92,84.2,83,40,9.17,IN,2020-08-22 14:21:43,haze
34,Ndele,8.41,20.65,78.35,82,100,6.64,CF,2020-08-22 14:21:43,overcast clouds
35,Bengkulu,-3.8,102.27,79.0,86,98,5.3,ID,2020-08-22 14:21:43,overcast clouds
36,Sitka,57.05,-135.33,53.6,93,90,0.74,US,2020-08-22 14:21:43,mist
37,Ancud,-41.87,-73.82,48.0,100,90,10.29,CL,2020-08-22 14:21:44,overcast clouds
38,Vao,-22.67,167.48,72.07,88,0,11.48,NC,2020-08-22 14:21:44,clear sky
39,Geraldton,-28.77,114.6,60.8,87,90,5.82,AU,2020-08-22 14:21:44,overcast clouds
40,Lulea,65.58,22.15,64.4,88,40,18.34,SE,2020-08-22 14:21:44,scattered clouds
41,Esperance,-33.87,121.9,55.4,71,84,10.29,AU,2020-08-22 14:21:44,broken clouds
42,Qaanaaq,77.48,-69.36,38.8,75,96,3.8,GL,2020-08-22 14:21:44,overcast clouds
43,Mahebourg,-20.41,57.7,73.4,73,75,12.75,MU,2020-08-22 14:21:44,shower rain
44,Touros,-5.2,-35.46,82.4,61,20,11.41,BR,2020-08-22 14:21:45,few clouds
45,Jamestown,42.1,-79.24,73.0,77,1,4.36,US,2020-08-22 14:17:23,clear sky
46,Hermanus,-34.42,19.23,63.0,77,0,4.0,ZA,2020-08-22 14:20:34,clear sky
47,Nhulunbuy,-12.23,136.77,73.4,64,0,6.93,AU,2020-08-22 14:21:45,clear sky
48,Sinnamary,5.38,-52.95,85.75,62,0,7.38,GF,2020-08-22 14:18:21,clear sky
49,Kilindoni,-7.91,39.67,77.68,73,89,16.22,TZ,2020-08-22 14:21:46,overcast clouds
50,Cayenne,4.93,-52.33,87.8,58,20,4.7,GF,2020-08-22 14:21:46,few clouds
51,Yoichi,43.2,140.77,60.01,86,3,5.14,JP,2020-08-22 14:21:46,clear sky
52,Puerto Gaitan,4.31,-72.08,77.99,83,100,12.8,CO,2020-08-22 14:18:18,light rain
53,Wynyard,-41.0,145.72,43.0,71,78,15.99,AU,2020-08-22 14:21:46,broken clouds
54,Cidreira,-30.18,-50.21,55.6,55,0,4.88,BR,2020-08-22 14:21:46,clear sky
55,Ushuaia,-54.8,-68.3,41.0,79,40,5.82,AR,2020-08-22 14:19:09,scattered clouds
56,Tacna,-18.01,-70.25,60.8,93,20,2.24,PE,2020-08-22 14:17:25,few clouds
57,Punta Arenas,-53.15,-70.92,41.0,86,90,10.29,CL,2020-08-22 14:17:38,overcast clouds
58,Nabire,-3.37,135.48,76.24,86,7,3.58,ID,2020-08-22 14:21:46,light rain
59,Albion,42.24,-84.75,77.0,64,1,3.36,US,2020-08-22 14:21:47,clear sky
60,Seversk,56.6,84.89,61.0,82,20,6.71,RU,2020-08-22 14:21:47,few clouds
61,Ulaangom,49.98,92.07,63.27,49,51,2.08,MN,2020-08-22 14:21:47,light rain
62,Codrington,-38.27,141.97,47.21,82,11,19.62,AU,2020-08-22 14:21:47,light rain
63,Petropavlovsk-Kamchatskiy,53.05,158.65,48.2,93,14,4.47,RU,2020-08-22 14:21:47,few clouds
64,Avarua,-21.21,-159.78,71.6,83,19,8.05,CK,2020-08-22 14:17:28,few clouds
65,Torbay,47.67,-52.73,63.0,77,75,12.75,CA,2020-08-22 14:21:47,broken clouds
66,Bangsund,64.4,11.39,62.01,70,100,4.0,NO,2020-08-22 14:21:48,moderate rain
67,College,64.86,-147.8,53.6,81,75,6.93,US,2020-08-22 14:21:48,broken clouds
68,Tianpeng,30.99,103.94,78.8,83,40,4.47,CN,2020-08-22 14:21:48,scattered clouds
69,Aksum,14.12,38.72,64.47,89,72,10.11,ET,2020-08-22 14:21:48,moderate rain
70,Kodiak,57.79,-152.41,53.6,76,1,6.93,US,2020-08-22 14:17:37,clear sky
71,Cloquet,46.72,-92.46,66.0,93,90,3.44,US,2020-08-22 14:21:48,mist
72,Provideniya,64.38,-173.3,48.6,94,100,6.49,RU,2020-08-22 14:21:48,light rain
73,Longyearbyen,78.22,15.64,46.4,64,40,5.82,SJ,2020-08-22 14:21:48,scattered clouds
74,Vila Velha,-20.33,-40.29,69.8,73,100,12.75,BR,2020-08-22 14:21:48,light rain
75,Thompson,55.74,-97.86,44.6,100,90,10.29,CA,2020-08-22 14:21:49,light intensity shower rain
76,Ust-Donetskiy,47.64,40.87,66.7,52,94,15.59,RU,2020-08-22 14:21:49,overcast clouds
77,Kazerun,29.62,51.65,97.29,9,0,10.16,IR,2020-08-22 14:21:49,clear sky
78,Guerrero Negro,27.98,-114.06,77.18,68,0,8.52,MX,2020-08-22 14:21:49,clear sky
79,Agar,23.7,76.02,75.27,94,100,20.31,IN,2020-08-22 14:21:49,light rain
80,Albany,42.6,-73.97,77.0,77,1,1.83,US,2020-08-22 14:21:49,clear sky
81,Zhuhai,22.28,113.57,87.01,79,86,8.05,CN,2020-08-22 14:21:01,overcast clouds
82,Okato,-39.2,173.88,48.99,90,100,8.01,NZ,2020-08-22 14:21:49,moderate rain
83,Beringovskiy,63.05,179.32,50.72,91,70,12.62,RU,2020-08-22 14:21:49,broken clouds
84,Nishihara,26.18,127.76,82.4,88,75,5.82,JP,2020-08-22 14:21:50,broken clouds
85,Nevers,46.92,3.33,77.0,50,89,12.75,FR,2020-08-22 14:21:50,overcast clouds
86,Tuatapere,-46.13,167.68,42.01,96,76,1.01,NZ,2020-08-22 14:21:50,broken clouds
87,Atuona,-9.8,-139.03,78.44,76,4,19.51,PF,2020-08-22 14:21:50,light rain
88,Port Alfred,-33.59,26.89,73.87,33,0,3.98,ZA,2020-08-22 14:17:34,clear sky
89,Nikolskoye,59.7,30.79,71.6,53,20,11.18,RU,2020-08-22 14:17:26,few clouds
90,Coihaique,-45.58,-72.07,48.2,66,75,5.82,CL,2020-08-22 14:21:01,broken clouds
91,San Cristobal,7.77,-72.22,77.0,78,75,10.29,VE,2020-08-22 14:20:47,broken clouds
92,Margate,51.38,1.39,72.0,57,56,7.0,GB,2020-08-22 14:21:50,broken clouds
93,Narsaq,60.92,-46.05,48.2,70,40,4.7,GL,2020-08-22 14:21:51,scattered clouds
94,Tete,-16.16,33.59,78.8,47,40,6.93,MZ,2020-08-22 14:21:51,scattered clouds
95,Kahului,20.89,-156.47,78.8,69,75,8.05,US,2020-08-22 14:21:51,light rain
96,Asau,46.43,26.4,82.0,51,9,5.41,RO,2020-08-22 14:18:04,clear sky
97,Katsuura,35.13,140.3,80.01,94,75,13.87,JP,2020-08-22 14:21:51,thunderstorm
98,Barrow,71.29,-156.79,39.2,93,90,14.99,US,2020-08-22 14:20:34,mist
99,Northam,51.03,-4.22,63.0,84,7,11.99,GB,2020-08-22 14:21:51,clear sky
100,Georgetown,5.41,100.34,80.6,83,20,5.82,MY,2020-08-22 14:21:51,thunderstorm
101,Sao Filipe,14.9,-24.5,78.75,76,72,1.99,CV,2020-08-22 14:21:51,broken clouds
102,Butaritari,3.07,172.79,82.54,67,95,5.59,KI,2020-08-22 14:21:52,overcast clouds
103,Shingu,33.73,135.98,75.99,89,99,2.8,JP,2020-08-22 14:21:52,light rain
104,Marsaxlokk,35.84,14.54,91.4,49,0,10.29,MT,2020-08-22 14:21:52,clear sky
105,Gboko,7.32,9.0,83.3,66,23,5.12,NG,2020-08-22 14:21:52,few clouds
106,Lorengau,-2.02,147.27,82.33,73,16,3.47,PG,2020-08-22 14:21:52,few clouds
107,Thonon-Les-Bains,46.25,6.5,81.0,39,40,2.24,FR,2020-08-22 14:21:52,scattered clouds
108,Camrose,53.02,-112.84,57.0,95,97,6.4,CA,2020-08-22 14:21:52,light rain
109,Mahibadhoo,3.78,72.97,84.83,64,5,5.64,MV,2020-08-22 14:21:52,clear sky
110,Gasa,31.5,34.47,88.0,55,0,1.01,PS,2020-08-22 14:21:53,clear sky
111,Saint-Joseph,-21.37,55.62,71.6,68,17,19.46,RE,2020-08-22 14:18:28,few clouds
112,Sioux Lookout,50.1,-91.92,68.0,88,90,5.82,CA,2020-08-22 14:21:53,overcast clouds
113,Leningradskiy,69.38,178.42,44.37,89,100,2.13,RU,2020-08-22 14:21:53,overcast clouds
114,Cape Town,-33.93,18.42,71.01,48,0,9.17,ZA,2020-08-22 14:18:25,clear sky
115,Arraial Do Cabo,-22.97,-42.03,64.4,82,90,6.93,BR,2020-08-22 14:21:53,light rain
116,Vardo,70.37,31.11,66.2,59,94,11.41,NO,2020-08-22 14:21:54,overcast clouds
117,Hilo,19.73,-155.09,73.4,94,90,8.05,US,2020-08-22 14:17:28,heavy intensity rain
118,Saskylakh,71.92,114.08,40.05,72,7,5.53,RU,2020-08-22 14:17:34,clear sky
119,Ponta Do Sol,32.67,-17.1,78.01,78,5,6.98,PT,2020-08-22 14:21:54,clear sky
120,Carnarvon,-24.87,113.63,68.0,72,68,13.87,AU,2020-08-22 14:17:35,broken clouds
121,Faya,18.39,42.45,82.4,57,40,18.34,SA,2020-08-22 14:18:19,scattered clouds
122,Finschhafen,-6.6,147.87,79.02,75,12,6.71,PG,2020-08-22 14:21:55,few clouds
123,Pandan,14.05,124.17,81.77,81,10,5.19,PH,2020-08-22 14:21:55,clear sky
124,Namibe,-15.2,12.15,68.0,72,20,12.75,AO,2020-08-22 14:21:55,few clouds
125,General Pico,-35.66,-63.76,52.21,41,0,13.31,AR,2020-08-22 14:18:14,clear sky
126,Saint Anthony,45.02,-93.22,71.01,83,20,6.91,US,2020-08-22 14:21:55,few clouds
127,Stornoway,58.21,-6.39,59.0,82,75,9.17,GB,2020-08-22 14:21:55,broken clouds
128,Tual,-5.67,132.75,79.09,82,5,19.91,ID,2020-08-22 14:21:55,clear sky
129,Puerto Palomas,31.77,-107.62,78.8,41,1,9.17,MX,2020-08-22 14:21:55,clear sky
130,Bud,39.45,-86.18,75.0,78,1,4.07,US,2020-08-22 14:21:56,clear sky
131,Spring Hill,28.48,-82.53,78.8,83,75,4.7,US,2020-08-22 14:19:18,broken clouds
132,Tuy Hoa,13.08,109.3,80.47,81,63,4.0,VN,2020-08-22 14:21:56,light rain
133,Chokurdakh,70.63,147.92,34.0,97,100,6.58,RU,2020-08-22 14:21:56,overcast clouds
134,Salihorsk,52.79,27.54,70.81,74,84,8.59,BY,2020-08-22 14:21:56,broken clouds
135,Sao Joao Da Barra,-21.64,-41.05,64.4,100,90,16.11,BR,2020-08-22 14:21:56,light rain
136,Lagos,6.58,3.75,77.0,94,75,8.05,NG,2020-08-22 14:17:44,broken clouds
137,Lucapa,-8.42,20.74,93.34,23,78,2.93,AO,2020-08-22 14:21:56,broken clouds
138,Castro,-24.79,-50.01,46.51,79,87,8.19,BR,2020-08-22 14:20:09,overcast clouds
139,Les Cayes,18.2,-73.75,86.27,63,0,1.74,HT,2020-08-22 14:21:56,clear sky
140,Meulaboh,4.14,96.13,74.52,93,100,6.76,ID,2020-08-22 14:21:57,light rain
141,Jijiga,9.35,42.8,68.63,70,57,19.35,ET,2020-08-22 14:21:57,broken clouds
142,Saint George,37.1,-113.58,80.6,36,1,3.36,US,2020-08-22 14:21:57,clear sky
143,Labrea,-7.26,-64.8,70.95,41,0,5.68,BR,2020-08-22 14:21:57,clear sky
144,Khorixas,-20.37,14.97,89.71,10,47,10.02,NA,2020-08-22 14:21:57,scattered clouds
145,Ribeira Grande,38.52,-28.7,73.4,78,20,5.82,PT,2020-08-22 14:17:43,few clouds
146,Tazovskiy,67.47,78.7,55.98,76,100,9.1,RU,2020-08-22 14:21:57,overcast clouds
147,Batemans Bay,-35.72,150.18,41.0,82,90,7.0,AU,2020-08-22 14:21:57,overcast clouds
148,Pevek,69.7,170.31,39.04,96,100,5.88,RU,2020-08-22 14:21:57,light rain
149,Waipawa,-41.41,175.52,50.0,87,4,8.05,NZ,2020-08-22 14:21:57,clear sky
150,Lazaro Cardenas,17.96,-102.2,78.87,86,69,4.52,MX,2020-08-22 14:21:58,broken clouds
151,Port Shepstone,-30.74,30.45,70.95,51,0,14.43,ZA,2020-08-22 14:21:58,clear sky
152,Teapa,17.55,-92.95,80.6,83,40,3.36,MX,2020-08-22 14:21:58,scattered clouds
153,New Norfolk,-42.78,147.06,44.01,89,97,1.99,AU,2020-08-22 14:21:58,light rain
154,Sampit,-2.53,112.95,77.14,89,32,3.51,ID,2020-08-22 14:21:58,scattered clouds
155,Vestmannaeyjar,63.44,-20.27,53.6,76,20,8.05,IS,2020-08-22 14:21:58,few clouds
156,Puerto Salgar,5.46,-74.65,77.88,83,99,0.65,CO,2020-08-22 14:21:58,light rain
157,Pangnirtung,66.15,-65.71,48.2,87,20,5.82,CA,2020-08-22 14:21:59,few clouds
158,Roald,62.58,6.13,62.01,82,75,14.99,NO,2020-08-22 14:21:59,broken clouds
159,Watertown,42.37,-71.18,82.0,57,1,2.57,US,2020-08-22 14:21:59,clear sky
160,Dunedin,-45.87,170.5,46.99,94,65,1.99,NZ,2020-08-22 14:21:59,broken clouds
161,Ramhormoz,31.28,49.6,113.0,8,0,24.16,IR,2020-08-22 14:21:59,clear sky
162,Khani,41.96,42.96,66.2,100,90,12.75,GE,2020-08-22 14:21:59,thunderstorm with rain
163,Adrar,20.5,-10.07,111.49,7,0,17.34,MR,2020-08-22 14:21:59,clear sky
164,Wajima,37.4,136.9,75.6,82,3,9.04,JP,2020-08-22 14:21:59,clear sky
165,Babstovo,48.12,132.48,61.27,83,38,5.3,RU,2020-08-22 14:21:59,scattered clouds
166,Nioro,13.35,-15.75,88.77,62,83,5.79,GM,2020-08-22 14:22:00,broken clouds
167,Kaeo,-35.1,173.78,57.0,3,6,5.75,NZ,2020-08-22 14:22:00,clear sky
168,Moose Factory,51.26,-80.61,60.8,82,75,2.24,CA,2020-08-22 14:22:00,broken clouds
169,Lyuban,52.8,28.0,70.25,73,93,8.61,BY,2020-08-22 14:22:00,overcast clouds
170,Kapoeta,4.77,33.59,90.63,36,49,10.58,SS,2020-08-22 14:22:00,scattered clouds
171,Pafos,34.77,32.42,91.4,46,20,11.41,CY,2020-08-22 14:22:00,few clouds
172,Kanadey,53.17,47.53,64.78,57,16,8.32,RU,2020-08-22 14:22:01,few clouds
173,Maridi,4.92,29.47,78.49,89,67,4.07,SS,2020-08-22 14:22:01,moderate rain
174,Sorong,-0.88,131.25,79.61,85,4,11.61,ID,2020-08-22 14:18:08,moderate rain
175,Hobart,-42.88,147.33,44.6,87,75,10.29,AU,2020-08-22 14:17:25,shower rain
176,Obigarm,38.72,69.71,77.27,16,0,4.38,TJ,2020-08-22 14:22:01,clear sky
177,Araguacu,-12.93,-49.83,91.02,31,0,8.23,BR,2020-08-22 14:22:01,clear sky
178,Mehamn,71.04,27.85,66.33,65,22,29.64,NO,2020-08-22 14:22:01,few clouds
179,Kalmunai,7.42,81.82,84.09,69,81,19.53,LK,2020-08-22 14:22:01,broken clouds
180,Yinchuan,38.47,106.27,81.72,41,100,5.08,CN,2020-08-22 14:22:01,overcast clouds
181,Broken Hill,-31.95,141.43,46.4,61,0,12.75,AU,2020-08-22 14:18:01,clear sky
182,Pimentel,-6.84,-79.93,60.8,82,40,12.75,PE,2020-08-22 14:22:02,mist
183,Rio Grande,-32.03,-52.1,59.0,47,0,5.82,BR,2020-08-22 14:22:02,clear sky
184,Praia,14.92,-23.51,84.2,70,40,9.17,CV,2020-08-22 14:22:02,scattered clouds
185,Kaitangata,-46.28,169.85,51.01,86,95,8.01,NZ,2020-08-22 14:22:02,overcast clouds
186,Whitehorse,60.72,-135.05,53.6,93,90,2.86,CA,2020-08-22 14:22:02,overcast clouds
187,Faanui,-16.48,-151.75,77.25,80,18,26.13,PF,2020-08-22 14:22:02,light rain
188,Aksu,41.12,80.26,83.82,25,81,3.27,CN,2020-08-22 14:22:02,broken clouds
189,Susanville,40.42,-120.65,53.01,61,90,1.5,US,2020-08-22 14:17:16,haze
190,Senneterre,48.38,-77.23,60.8,93,75,6.93,CA,2020-08-22 14:22:03,shower rain
191,Najran,17.49,44.13,100.4,18,31,6.93,SA,2020-08-22 14:22:03,scattered clouds
192,Stromness,58.97,-3.3,59.0,77,75,17.22,GB,2020-08-22 14:22:03,broken clouds
193,Erenhot,43.65,111.98,70.02,62,100,14.36,CN,2020-08-22 14:22:03,overcast clouds
194,Sorland,67.67,12.69,56.93,93,100,17.09,NO,2020-08-22 14:22:03,overcast clouds
195,Ostrovnoy,68.05,39.51,70.23,57,0,13.56,RU,2020-08-22 14:22:03,clear sky
196,Tiznit,29.58,-9.5,102.49,14,37,10.92,MA,2020-08-22 14:22:03,light rain
197,Ahipara,-35.17,173.17,55.11,92,6,5.12,NZ,2020-08-22 14:22:03,clear sky
198,Novopskov,49.55,39.09,72.63,36,25,3.24,UA,2020-08-22 14:22:03,scattered clouds
199,Pochutla,15.74,-96.47,77.0,83,75,2.84,MX,2020-08-22 14:22:04,broken clouds
200,Mayumba,-3.43,10.66,75.4,79,96,7.38,GA,2020-08-22 14:22:04,overcast clouds
201,Coruripe,-10.13,-36.18,79.2,67,69,10.11,BR,2020-08-22 14:22:04,broken clouds
202,Rochester,43.15,-77.62,78.01,73,40,4.7,US,2020-08-22 14:20:12,scattered clouds
203,Arawa,-6.21,155.54,77.56,80,100,2.68,PG,2020-08-22 14:22:04,overcast clouds
204,Krasnogorsk,55.82,37.32,75.2,43,20,11.18,RU,2020-08-22 14:22:04,few clouds
205,Kanigiri,15.4,79.52,89.22,57,18,5.46,IN,2020-08-22 14:22:04,few clouds
206,Walvis Bay,-22.96,14.51,96.8,5,1,11.41,NA,2020-08-22 14:21:23,clear sky
207,Bambous Virieux,-20.34,57.76,73.4,73,75,12.75,MU,2020-08-22 14:22:04,shower rain
208,Cherskiy,68.75,161.3,38.14,92,100,18.3,RU,2020-08-22 14:22:04,overcast clouds
209,Fortuna,40.6,-124.16,60.01,100,90,8.05,US,2020-08-22 14:22:05,overcast clouds
210,Porto Novo,6.5,2.6,78.8,83,40,9.17,BJ,2020-08-22 14:22:05,scattered clouds
211,Haines Junction,60.75,-137.51,51.67,86,100,1.68,CA,2020-08-22 14:22:05,light rain
212,Kushima,31.46,131.23,77.86,86,1,4.68,JP,2020-08-22 14:22:05,clear sky
213,Chunoyar,57.45,97.32,61.92,84,100,4.83,RU,2020-08-22 14:22:05,light rain
214,Lunenburg,44.38,-64.32,69.01,83,95,1.01,CA,2020-08-22 14:20:12,overcast clouds
215,Omsukchan,62.53,155.8,34.16,91,100,5.7,RU,2020-08-22 14:22:05,overcast clouds
216,Juba,4.85,31.58,87.87,56,47,2.75,SS,2020-08-22 14:22:05,scattered clouds
217,Taoudenni,22.68,-3.98,118.47,6,0,17.07,ML,2020-08-22 14:22:05,clear sky
218,Natal,-5.79,-35.21,84.2,54,20,16.11,BR,2020-08-22 14:17:18,few clouds
219,Simnicu De Sus,44.38,23.8,93.99,35,0,5.82,RO,2020-08-22 14:22:06,clear sky
220,Norman Wells,65.28,-126.83,51.8,81,75,6.93,CA,2020-08-22 14:22:06,broken clouds
221,Aquiraz,-3.9,-38.39,84.2,62,75,13.87,BR,2020-08-22 14:22:06,broken clouds
222,Tasiilaq,65.61,-37.64,51.8,62,20,9.17,GL,2020-08-22 14:22:06,few clouds
223,Sokolovo-Kundryuchenskiy,47.84,39.95,75.2,33,20,15.66,RU,2020-08-22 14:22:06,few clouds
224,Kirakira,-10.45,161.92,79.12,84,43,10.67,SB,2020-08-22 14:22:06,light rain
225,Necochea,-38.55,-58.74,59.0,37,0,11.01,AR,2020-08-22 14:20:09,clear sky
226,Quang Ngai,15.12,108.8,80.1,82,65,1.19,VN,2020-08-22 14:22:07,light rain
227,Marsh Harbour,26.54,-77.06,84.0,77,82,16.4,BS,2020-08-22 14:22:07,broken clouds
228,Bolshoy Lug,52.08,104.09,57.2,100,82,2.24,RU,2020-08-22 14:22:07,broken clouds
229,East London,-33.02,27.91,71.6,46,0,8.05,ZA,2020-08-22 14:17:43,clear sky
230,Toamasina,-18.17,49.38,69.8,94,75,9.17,MG,2020-08-22 14:22:07,shower rain
231,Mar Del Plata,-38.0,-57.56,55.0,51,0,12.75,AR,2020-08-22 14:22:07,clear sky
232,Ciudad Real,39.0,-4.0,93.0,29,0,1.99,ES,2020-08-22 14:22:07,clear sky
233,Saint-Augustin,51.23,-58.65,63.1,64,96,6.64,CA,2020-08-22 14:22:07,overcast clouds
234,Te Anau,-45.42,167.72,40.5,89,100,0.38,NZ,2020-08-22 14:17:44,overcast clouds
235,Upernavik,72.79,-56.15,44.15,71,83,7.2,GL,2020-08-22 14:22:08,broken clouds
236,Miandrivazo,-19.52,45.47,92.55,13,0,5.3,MG,2020-08-22 14:22:08,clear sky
237,Husavik,66.04,-17.34,53.6,58,47,9.17,IS,2020-08-22 14:18:04,scattered clouds
238,Beyneu,45.32,55.2,76.1,37,100,11.05,KZ,2020-08-22 14:22:08,overcast clouds
239,Clyde River,70.47,-68.59,47.12,76,69,7.18,CA,2020-08-22 14:17:55,broken clouds
240,Vidim,56.41,103.11,60.55,65,64,1.7,RU,2020-08-22 14:22:08,broken clouds
241,Gao,16.64,1.64,95.85,33,45,10.16,ML,2020-08-22 14:22:08,scattered clouds
242,Bonavista,48.65,-53.11,66.0,63,0,4.0,CA,2020-08-22 14:22:08,clear sky
243,Bathsheba,13.22,-59.52,87.8,70,40,14.99,BB,2020-08-22 14:18:05,scattered clouds
244,Viramgam,23.12,72.05,82.4,94,90,6.93,IN,2020-08-22 14:22:08,mist
245,Ixtapa,20.7,-105.2,78.8,94,40,3.36,MX,2020-08-22 14:17:45,scattered clouds
246,Puerto Quijarro,-17.78,-57.77,56.98,53,95,4.32,BO,2020-08-22 14:22:09,overcast clouds
247,Eyl,7.98,49.82,85.55,51,100,27.31,SO,2020-08-22 14:22:09,overcast clouds
248,Vicksburg,32.35,-90.88,78.8,88,1,3.15,US,2020-08-22 14:22:09,clear sky
249,Tessalit,20.2,1.01,109.6,8,0,15.1,ML,2020-08-22 14:22:09,clear sky
250,Pindi Bhattian,31.9,73.27,93.2,47,3,4.56,PK,2020-08-22 14:22:09,clear sky
251,Tura,25.52,90.22,74.88,93,16,5.48,IN,2020-08-22 14:22:09,few clouds
252,Rio Gallegos,-51.62,-69.22,42.8,67,75,19.46,AR,2020-08-22 14:22:09,broken clouds
253,Nagar Karnul,16.48,78.32,78.84,80,100,5.68,IN,2020-08-22 14:22:09,overcast clouds
254,Nanortalik,60.14,-45.24,48.36,67,30,3.06,GL,2020-08-22 14:17:24,scattered clouds
255,Mount Pleasant,32.79,-79.86,82.99,78,1,2.01,US,2020-08-22 14:19:39,clear sky
256,Seoul,37.57,126.98,73.4,94,90,2.35,KR,2020-08-22 14:20:36,moderate rain
257,Chelmza,53.18,18.6,78.01,88,40,9.17,PL,2020-08-22 14:22:10,light intensity shower rain
258,Havre,49.58,0.33,72.0,72,96,17.22,FR,2020-08-22 14:22:10,overcast clouds
259,Khamgaon,20.68,76.57,77.27,89,100,8.39,IN,2020-08-22 14:22:10,moderate rain
260,Mayo,38.89,-76.51,77.0,94,90,3.36,US,2020-08-22 14:22:10,overcast clouds
261,Hobyo,5.35,48.53,78.8,71,64,30.98,SO,2020-08-22 14:22:10,broken clouds
262,Slave Lake,55.28,-114.77,55.4,93,90,6.93,CA,2020-08-22 14:22:10,mist
263,The Valley,18.22,-63.06,78.8,88,75,20.8,AI,2020-08-22 14:22:10,shower rain
264,Severo-Kurilsk,50.68,156.12,49.62,88,24,11.9,RU,2020-08-22 14:22:11,few clouds
265,Estelle,29.85,-90.11,86.0,70,0,1.01,US,2020-08-22 14:20:19,clear sky
266,Ketchikan,55.34,-131.65,57.2,100,90,4.7,US,2020-08-22 14:22:11,light rain
267,Inhambane,-23.86,35.38,77.0,47,20,5.82,MZ,2020-08-22 14:22:11,few clouds
268,Henties Bay,-22.12,14.28,77.0,36,0,14.09,NA,2020-08-22 14:22:11,clear sky
269,Yanam,16.73,82.22,80.6,88,75,6.93,IN,2020-08-22 14:22:11,broken clouds
270,Solnechnyy,50.72,136.63,59.59,83,77,3.91,RU,2020-08-22 14:18:13,broken clouds
271,Staryy Nadym,65.61,72.68,59.13,71,40,12.21,RU,2020-08-22 14:22:11,scattered clouds
272,Amberieu-En-Bugey,45.96,5.34,84.2,42,0,6.93,FR,2020-08-22 14:22:11,clear sky
273,Alice Springs,-23.7,133.88,51.8,37,0,7.47,AU,2020-08-22 14:19:15,clear sky
274,Roma,43.21,-75.46,72.0,77,20,2.86,US,2020-08-22 14:22:12,few clouds
275,Merritt,50.11,-120.79,60.8,72,1,16.11,CA,2020-08-22 14:22:12,clear sky
276,Kargil,34.57,76.1,68.41,22,9,2.89,IN,2020-08-22 14:22:12,clear sky
277,Panguna,-6.32,155.48,68.59,98,100,0.92,PG,2020-08-22 14:22:12,overcast clouds
278,San Quintin,30.48,-115.95,77.13,69,0,9.55,MX,2020-08-22 14:22:12,clear sky
279,Esik,43.36,77.45,82.4,28,75,2.24,KZ,2020-08-22 14:22:12,smoke
280,Alofi,-19.06,-169.92,75.2,94,15,4.7,NU,2020-08-22 14:18:07,few clouds
281,Pisco,-13.7,-76.22,60.8,87,90,5.82,PE,2020-08-22 14:17:45,mist
282,La Ronge,55.1,-105.28,59.0,87,90,11.41,CA,2020-08-22 14:22:13,overcast clouds
283,Kapit,2.02,112.93,77.36,92,100,1.81,MY,2020-08-22 14:22:13,light rain
284,Mbanza-Ngungu,-5.25,14.87,89.29,37,95,5.17,CD,2020-08-22 14:22:13,overcast clouds
285,Tiksi,71.69,128.87,40.66,91,100,5.61,RU,2020-08-22 14:22:13,light rain
286,Southbridge,42.08,-72.03,81.0,56,100,3.0,US,2020-08-22 14:22:13,overcast clouds
287,Novobirilyussy,56.95,90.67,55.36,88,77,5.93,RU,2020-08-22 14:22:13,light rain
288,Xining,36.62,101.77,56.89,83,100,3.85,CN,2020-08-22 14:22:13,heavy intensity rain
289,Berlevag,70.86,29.09,63.55,69,36,28.86,NO,2020-08-22 14:17:39,scattered clouds
290,Flinders,-34.58,150.86,51.01,60,63,18.01,AU,2020-08-22 14:22:14,broken clouds
291,Nyagan,62.14,65.39,58.19,79,100,8.93,RU,2020-08-22 14:22:14,overcast clouds
292,Grand-Santi,4.25,-54.38,89.67,43,0,4.03,GF,2020-08-22 14:22:14,clear sky
293,Tautira,-17.73,-149.15,71.6,94,20,4.7,PF,2020-08-22 14:22:14,few clouds
294,Coquimbo,-29.95,-71.34,50.0,81,90,3.36,CL,2020-08-22 14:22:14,overcast clouds
295,Alta Floresta,-9.88,-56.09,69.8,56,0,6.93,BR,2020-08-22 14:22:14,haze
296,Bokoro,12.38,17.06,80.73,76,100,8.9,TD,2020-08-22 14:22:14,moderate rain
297,Muzaffarabad,34.37,73.47,76.91,68,9,1.19,PK,2020-08-22 14:22:15,clear sky
298,Platteville,42.73,-90.48,68.0,94,1,9.17,US,2020-08-22 14:22:15,clear sky
299,Quatre Cocos,-20.21,57.76,73.4,73,75,12.75,MU,2020-08-22 14:22:15,shower rain
300,Yar-Sale,66.83,70.83,58.28,76,0,8.23,RU,2020-08-22 14:22:15,clear sky
301,Kutum,14.2,24.67,87.55,39,95,11.88,SD,2020-08-22 14:17:57,overcast clouds
302,General Roca,-39.03,-67.58,42.8,70,0,3.36,AR,2020-08-22 14:22:15,clear sky
303,Lichinga,-13.31,35.24,66.2,59,75,10.29,MZ,2020-08-22 14:22:15,broken clouds
304,Gornopravdinsk,60.05,69.9,57.54,76,2,5.46,RU,2020-08-22 14:22:15,clear sky
305,Belaya Gora,68.53,146.42,33.98,92,93,5.55,RU,2020-08-22 14:22:15,overcast clouds
306,Vila Franca Do Campo,37.72,-25.43,77.0,78,20,6.93,PT,2020-08-22 14:22:15,few clouds
307,Harlingen,26.19,-97.7,84.99,78,1,5.82,US,2020-08-22 14:22:16,clear sky
308,Kalat,29.02,66.59,69.66,69,100,2.62,PK,2020-08-22 14:22:16,moderate rain
309,Lebu,-37.62,-73.65,51.49,73,0,7.27,CL,2020-08-22 14:22:16,clear sky
310,Miranda,3.25,-76.23,69.8,100,75,9.17,CO,2020-08-22 14:22:16,broken clouds
311,Sibolga,1.74,98.78,76.59,86,100,5.12,ID,2020-08-22 14:22:16,light rain
312,Graham,47.05,-122.29,55.99,100,90,1.19,US,2020-08-22 14:22:16,light intensity drizzle
313,Basco,20.45,121.97,84.61,76,100,22.12,PH,2020-08-22 14:22:16,moderate rain
314,Ekhabi,53.51,142.97,54.07,86,100,3.27,RU,2020-08-22 14:22:16,overcast clouds
315,Christchurch,-43.53,172.63,50.0,100,94,10.29,NZ,2020-08-22 14:22:16,light rain
316,Sistranda,63.73,8.83,64.4,82,75,8.88,NO,2020-08-22 14:22:17,shower rain
317,Dingle,11.0,122.67,77.36,88,30,2.75,PH,2020-08-22 14:22:17,scattered clouds
318,Dukat,62.55,155.55,31.6,98,100,4.36,RU,2020-08-22 14:22:17,overcast clouds
319,Smithers,54.78,-127.17,50.0,93,75,2.24,CA,2020-08-22 14:22:17,broken clouds
320,Atar,20.52,-13.05,107.44,16,47,11.18,MR,2020-08-22 14:22:17,scattered clouds
321,Samana,19.21,-69.34,78.8,94,75,10.78,DO,2020-08-22 14:22:17,shower rain
322,Cervo,43.67,-7.41,75.99,47,50,12.71,ES,2020-08-22 14:22:17,scattered clouds
323,Mahon,39.89,4.27,84.2,70,75,12.75,ES,2020-08-22 14:22:17,broken clouds
324,Los Llanos De Aridane,28.66,-17.92,84.99,74,0,17.22,ES,2020-08-22 14:17:39,clear sky
325,San Andres,12.58,-81.7,80.6,94,90,2.24,CO,2020-08-22 14:18:02,overcast clouds
326,Cheyenne,41.14,-104.82,73.99,28,1,11.41,US,2020-08-22 14:22:17,haze
327,Qandala,11.47,49.87,91.29,50,5,3.51,SO,2020-08-22 14:22:17,clear sky
328,Lepaera,14.78,-88.58,68.34,94,32,2.77,HN,2020-08-22 14:22:18,scattered clouds
329,Ugoofaaru,5.67,73.0,84.15,64,7,2.75,MV,2020-08-22 14:18:19,clear sky
330,Qasigiannguit,68.82,-51.19,42.8,70,20,4.7,GL,2020-08-22 14:22:18,few clouds
331,Obo,5.4,26.49,81.16,81,100,1.28,CF,2020-08-22 14:22:18,moderate rain
332,Tonantins,-2.87,-67.8,70.21,57,60,4.59,BR,2020-08-22 14:22:18,broken clouds
333,Zambezi,-13.54,23.1,90.34,16,28,8.97,ZM,2020-08-22 14:22:18,scattered clouds
334,Vanimo,-2.67,141.3,79.7,82,40,4.0,PG,2020-08-22 14:22:18,light rain
335,Juneau,58.3,-134.42,54.0,87,90,1.32,US,2020-08-22 14:22:18,fog
336,Patacamaya,-17.23,-67.92,48.92,39,72,3.18,BO,2020-08-22 14:22:18,broken clouds
337,Goderich,43.75,-81.72,80.01,78,0,9.15,CA,2020-08-22 14:22:18,clear sky
338,Birao,10.28,22.79,86.07,69,100,3.13,CF,2020-08-22 14:22:18,moderate rain
339,Turbat,26.0,63.04,93.04,51,72,17.52,PK,2020-08-22 14:22:19,broken clouds
340,Leua,48.22,18.61,90.0,44,0,3.0,SK,2020-08-22 14:22:19,clear sky
341,Khatanga,71.97,102.5,53.94,71,0,7.29,RU,2020-08-22 14:22:19,clear sky
342,San Rafael,-34.62,-68.33,56.03,32,0,9.22,AR,2020-08-22 14:22:19,clear sky
343,Nelson Bay,-32.72,152.15,51.01,61,2,21.92,AU,2020-08-22 14:22:19,clear sky
344,Tommot,58.96,126.29,49.68,67,69,1.9,RU,2020-08-22 14:22:19,broken clouds
345,Chitral,35.85,71.79,80.8,40,1,6.87,PK,2020-08-22 14:22:19,clear sky
346,Hecun,36.53,114.11,70.0,87,16,2.68,CN,2020-08-22 14:22:19,few clouds
347,Hami,42.8,93.45,85.48,19,100,11.68,CN,2020-08-22 14:22:20,overcast clouds
348,Port Keats,-14.25,129.55,73.72,86,0,1.52,AU,2020-08-22 14:22:20,clear sky
349,Half Moon Bay,37.46,-122.43,61.0,100,90,3.36,US,2020-08-22 14:18:20,mist
350,Vikhorevka,56.12,101.16,64.4,55,51,4.47,RU,2020-08-22 14:22:20,broken clouds
351,Abomsa,9.98,39.98,84.06,47,3,7.43,ET,2020-08-22 14:22:20,light rain
352,Bakchar,57.02,82.07,56.68,94,100,5.73,RU,2020-08-22 14:22:20,light rain
353,Mecca,21.43,39.83,104.07,17,0,18.97,SA,2020-08-22 14:20:16,clear sky
354,Nahrin,36.06,69.13,77.04,19,0,3.62,AF,2020-08-22 14:22:20,clear sky
355,Harper,4.38,-7.72,79.02,81,99,12.3,LR,2020-08-22 14:18:04,light rain
356,Buala,-8.14,159.59,81.27,81,100,7.2,SB,2020-08-22 14:22:21,overcast clouds
357,Dubbo,-32.25,148.62,41.0,86,12,13.87,AU,2020-08-22 14:22:21,few clouds
358,Jipijapa,-1.33,-80.58,69.8,88,90,3.36,EC,2020-08-22 14:21:08,overcast clouds
359,Ibiapina,-3.92,-40.89,84.6,44,13,7.96,BR,2020-08-22 14:22:21,few clouds
360,Padang,-0.95,100.35,79.95,77,100,2.57,ID,2020-08-22 14:21:05,moderate rain
361,Suntar,62.14,117.63,48.72,68,0,2.77,RU,2020-08-22 14:22:21,clear sky
362,Ibaiti,-23.85,-50.19,55.99,85,0,4.0,BR,2020-08-22 14:22:21,clear sky
363,Belonia,23.25,91.45,76.78,96,100,5.5,IN,2020-08-22 14:22:21,overcast clouds
364,Sisimiut,66.94,-53.67,51.17,69,12,5.41,GL,2020-08-22 14:22:21,few clouds
365,Novikovo,51.15,37.89,72.36,42,0,9.06,RU,2020-08-22 14:22:22,clear sky
366,Los Zacatones,22.95,-102.05,55.4,87,5,6.93,MX,2020-08-22 14:22:22,clear sky
367,Tomatlan,19.93,-105.25,78.37,93,6,1.95,MX,2020-08-22 14:22:22,clear sky
368,Kieta,-6.22,155.63,79.23,76,100,3.58,PG,2020-08-22 14:22:22,light rain
369,Ishigaki,24.34,124.16,83.46,82,100,36.19,JP,2020-08-22 14:22:22,moderate rain
370,Chara,56.91,118.26,54.64,71,100,3.36,RU,2020-08-22 14:22:22,overcast clouds
371,Mitchell,43.71,-98.03,73.4,88,1,3.36,US,2020-08-22 14:21:11,clear sky
372,Broome,42.25,-75.83,75.0,68,1,3.83,US,2020-08-22 14:22:23,clear sky
373,Iquitos,-3.75,-73.25,62.6,82,90,11.41,PE,2020-08-22 14:22:23,overcast clouds
374,Havoysund,71.0,24.66,68.0,68,40,35.57,NO,2020-08-22 14:22:23,scattered clouds
375,Caravelas,-17.71,-39.25,71.15,89,94,12.77,BR,2020-08-22 14:18:18,light rain
376,Izumo,35.37,132.77,80.6,88,75,16.11,JP,2020-08-22 14:18:16,broken clouds
377,Cabo San Lucas,22.89,-109.91,80.01,78,40,2.24,MX,2020-08-22 14:22:23,scattered clouds
378,Aleksandrov Gay,50.15,48.57,71.6,40,95,12.37,RU,2020-08-22 14:21:04,overcast clouds
379,Darhan,49.49,105.92,61.39,82,0,3.47,MN,2020-08-22 14:22:23,clear sky
380,Shirgaon,19.7,72.7,81.84,86,100,19.24,IN,2020-08-22 14:22:23,light rain
381,Constitucion,-35.33,-72.42,58.59,66,0,1.86,CL,2020-08-22 14:22:23,clear sky
382,Novoagansk,61.94,76.66,53.76,89,72,2.04,RU,2020-08-22 14:22:24,light rain
383,Berezovyy,51.67,135.7,60.48,83,99,4.43,RU,2020-08-22 14:22:24,light rain
384,Tahoua,14.89,5.27,87.8,52,75,11.41,NE,2020-08-22 14:22:24,broken clouds
385,Inca,39.72,2.91,87.8,70,20,12.75,ES,2020-08-22 14:22:24,few clouds
386,Kavaratti,10.57,72.64,83.23,78,11,10.02,IN,2020-08-22 14:22:24,few clouds
387,Partenit,44.58,34.34,75.85,59,23,4.83,UA,2020-08-22 14:22:24,few clouds
388,Richards Bay,-28.78,32.04,76.32,41,0,13.51,ZA,2020-08-22 14:22:24,clear sky
389,Saldanha,-33.01,17.94,68.0,49,0,10.29,ZA,2020-08-22 14:22:25,clear sky
390,Isangel,-19.55,169.27,73.83,87,9,9.22,VU,2020-08-22 14:22:25,clear sky
391,Yaan,7.38,8.57,84.34,67,32,3.76,NG,2020-08-22 14:18:02,scattered clouds
392,Mezen,65.85,44.24,69.8,65,83,3.02,RU,2020-08-22 14:22:25,light rain
393,Maniitsoq,65.42,-52.9,49.82,79,56,8.32,GL,2020-08-22 14:17:59,broken clouds
394,Hambantota,6.12,81.12,82.4,88,40,10.29,LK,2020-08-22 14:22:25,scattered clouds
395,Lagoa,39.05,-27.98,71.37,72,0,7.47,PT,2020-08-22 14:22:25,clear sky
396,Matay,28.42,30.78,100.26,16,0,13.96,EG,2020-08-22 14:22:25,clear sky
397,Kuytun,54.34,101.5,56.3,91,35,5.23,RU,2020-08-22 14:22:25,scattered clouds
398,Kavieng,-2.57,150.8,81.84,76,7,5.53,PG,2020-08-22 14:22:25,light rain
399,Kpandae,8.47,-0.01,82.8,74,76,7.14,GH,2020-08-22 14:22:26,moderate rain
400,Bonthe,7.53,-12.51,80.55,80,100,8.52,SL,2020-08-22 14:22:26,moderate rain
401,Takoradi,4.88,-1.76,80.49,73,20,13.13,GH,2020-08-22 14:22:26,few clouds
402,Shipunovo,52.16,82.22,65.75,46,100,4.18,RU,2020-08-22 14:22:26,overcast clouds
403,Mora,11.05,14.14,89.6,62,40,6.93,CM,2020-08-22 14:22:26,scattered clouds
404,Rongcheng,30.63,117.85,79.2,85,92,1.66,CN,2020-08-22 14:22:26,overcast clouds
405,Karwar,14.8,74.13,79.12,88,100,6.51,IN,2020-08-22 14:22:26,light rain
406,Boyolangu,-8.12,111.89,74.98,89,85,4.74,ID,2020-08-22 14:22:27,overcast clouds
407,Bani Walid,31.76,13.99,96.6,17,0,21.12,LY,2020-08-22 14:22:27,clear sky
408,Sambava,-14.27,50.17,74.52,71,28,15.5,MG,2020-08-22 14:22:27,scattered clouds
409,Itaituba,-4.28,-55.98,86.0,62,0,4.7,BR,2020-08-22 14:22:27,clear sky
410,Wajir,1.75,40.06,89.6,40,75,10.29,KE,2020-08-22 14:22:27,broken clouds
411,Yabelo,4.88,38.08,70.93,50,98,11.03,ET,2020-08-22 14:22:27,overcast clouds
412,Vanavara,60.34,102.28,60.82,76,3,7.52,RU,2020-08-22 14:22:27,clear sky
413,Toktogul,41.87,72.94,73.31,39,0,1.32,KG,2020-08-22 14:22:27,clear sky
414,Birkeland,58.33,8.23,62.6,88,75,16.11,NO,2020-08-22 14:22:27,light intensity shower rain
415,Avera,33.19,-82.53,77.0,71,1,3.36,US,2020-08-22 14:22:27,clear sky
416,Prince Rupert,54.32,-130.32,57.2,87,90,12.75,CA,2020-08-22 14:22:28,light rain
417,Pokhara,28.23,83.98,72.16,85,27,0.58,NP,2020-08-22 14:22:28,light rain
418,Karaton,-6.34,106.1,80.6,61,20,6.93,ID,2020-08-22 14:22:28,few clouds
419,Pontes E Lacerda,-15.23,-59.34,57.15,48,89,7.52,BR,2020-08-22 14:22:28,overcast clouds
420,Arbagar,51.94,116.28,63.84,86,100,4.63,RU,2020-08-22 14:22:28,light rain
421,Manado,1.49,124.85,80.6,78,20,1.12,ID,2020-08-22 14:20:23,few clouds
422,Olafsvik,64.89,-23.71,52.52,62,0,3.38,IS,2020-08-22 14:22:28,clear sky
423,San Felipe,10.34,-68.74,81.9,68,23,6.62,VE,2020-08-22 14:22:28,few clouds
424,Jumla,29.27,82.18,62.89,71,77,2.35,NP,2020-08-22 14:22:29,light rain
425,Vanderhoof,54.02,-124.02,47.71,81,100,6.85,CA,2020-08-22 14:22:29,overcast clouds
426,Brae,60.4,-1.35,55.4,93,75,13.87,GB,2020-08-22 14:22:29,broken clouds
427,Liwale,-9.77,37.93,81.64,35,91,5.86,TZ,2020-08-22 14:22:29,overcast clouds
428,Medvedovskaya,45.45,39.03,81.0,53,40,2.24,RU,2020-08-22 14:22:29,scattered clouds
429,Mahajanga,-15.72,46.32,80.6,61,20,10.29,MG,2020-08-22 14:22:29,few clouds
430,Never,46.99,3.16,77.0,50,97,12.75,FR,2020-08-22 14:22:29,overcast clouds
431,Lehigh Acres,26.63,-81.62,79.0,88,1,3.36,US,2020-08-22 14:22:29,clear sky
432,Megion,61.03,76.11,57.2,87,40,2.24,RU,2020-08-22 14:22:29,scattered clouds
433,Vostok,46.49,135.88,52.32,92,100,3.49,RU,2020-08-22 14:22:29,overcast clouds
434,Chuy,-33.7,-53.46,54.07,47,0,4.09,UY,2020-08-22 14:22:29,clear sky
435,Long,18.08,99.83,75.36,93,100,1.05,TH,2020-08-22 14:22:30,moderate rain
436,San Carlos De Bariloche,-41.15,-71.31,39.2,64,0,4.27,AR,2020-08-22 14:22:30,clear sky
437,Rundu,-17.93,19.77,88.2,13,52,4.74,NA,2020-08-22 14:22:30,broken clouds
438,Russell,32.35,-85.2,78.8,78,75,5.82,US,2020-08-22 14:22:30,broken clouds
439,Ambon,-3.7,128.18,77.0,88,40,3.36,ID,2020-08-22 14:17:37,scattered clouds
440,Ranchpar,40.03,44.37,80.6,32,20,3.36,AM,2020-08-22 14:22:30,few clouds
441,Lake Charles,30.21,-93.2,82.99,78,5,4.29,US,2020-08-22 14:21:39,clear sky
442,Muros,42.78,-9.06,71.01,69,65,13.0,ES,2020-08-22 14:22:30,broken clouds
443,Kidderminster,52.39,-2.25,66.0,85,100,4.0,GB,2020-08-22 14:20:43,light rain
444,Darovskoy,58.77,47.96,67.37,62,1,4.52,RU,2020-08-22 14:22:31,clear sky
445,Nemuro,43.32,145.57,60.17,90,30,5.66,JP,2020-08-22 14:22:31,scattered clouds
446,Cockburn Town,21.46,-71.14,83.97,81,1,20.0,TC,2020-08-22 14:18:31,clear sky
447,Comodoro Rivadavia,-45.87,-67.5,60.8,38,0,26.4,AR,2020-08-22 14:22:31,clear sky
448,Paragominas,-2.97,-47.48,92.3,46,0,3.58,BR,2020-08-22 14:22:31,clear sky
449,Pudozh,61.81,36.53,73.04,47,55,6.15,RU,2020-08-22 14:22:31,broken clouds
450,Nome,64.5,-165.41,51.8,81,90,6.93,US,2020-08-22 14:18:15,overcast clouds
451,Rantauprapat,2.1,99.83,75.06,93,92,1.99,ID,2020-08-22 14:22:31,overcast clouds
452,Huilong,31.81,121.66,86.0,85,6,1.99,CN,2020-08-22 14:22:31,clear sky
453,Mokhsogollokh,61.47,128.92,45.34,62,28,5.93,RU,2020-08-22 14:22:31,scattered clouds
454,Susangerd,31.56,48.18,111.2,8,0,9.17,IR,2020-08-22 14:22:32,clear sky
455,Hirara,24.8,125.28,81.86,86,100,45.3,JP,2020-08-22 14:22:32,moderate rain
456,Xiamen,24.48,118.08,86.0,74,75,6.71,CN,2020-08-22 14:22:32,broken clouds
457,Arman,59.7,150.17,44.24,60,100,10.31,RU,2020-08-22 14:22:32,overcast clouds
458,Churapcha,62.0,132.43,42.84,63,0,6.42,RU,2020-08-22 14:22:32,clear sky
459,Limbang,4.75,115.0,84.2,79,75,3.36,MY,2020-08-22 14:22:32,thunderstorm with light rain
460,Mangai,-4.05,19.53,85.84,50,99,2.62,CD,2020-08-22 14:22:32,overcast clouds
461,Beachwood,41.46,-81.51,80.01,54,5,4.7,US,2020-08-22 14:22:32,clear sky
462,Bethanien,-26.5,17.16,80.33,11,0,14.07,NA,2020-08-22 14:22:32,clear sky
463,Abu Samrah,35.3,37.18,91.31,24,0,21.09,SY,2020-08-22 14:22:32,clear sky
464,Belmonte,-15.86,-38.88,73.4,83,90,6.93,BR,2020-08-22 14:22:33,overcast clouds
465,Chardara,41.25,67.97,86.7,22,0,9.66,KZ,2020-08-22 14:22:33,clear sky
466,Luanda,-8.84,13.23,73.4,83,75,6.93,AO,2020-08-22 14:17:50,broken clouds
467,Akranes,64.32,-22.07,57.2,41,15,11.41,IS,2020-08-22 14:22:33,few clouds
468,Marawi,8.0,124.29,77.0,92,80,3.0,PH,2020-08-22 14:22:33,light rain
469,Lata,40.16,-8.33,84.99,45,0,10.16,PT,2020-08-22 14:22:33,clear sky
470,Bam,29.11,58.36,101.7,20,52,5.35,IR,2020-08-22 14:22:33,broken clouds
471,Port Macquarie,-31.43,152.92,54.0,45,0,4.0,AU,2020-08-22 14:17:57,clear sky
472,Marechal Floriano,-20.41,-40.68,71.6,68,100,16.11,BR,2020-08-22 14:22:33,light rain
473,Mafinga,-7.25,35.07,85.41,26,22,12.41,TZ,2020-08-22 14:22:33,few clouds
474,Rawson,-43.3,-65.1,56.93,37,0,7.34,AR,2020-08-22 14:18:43,clear sky
475,Nagornskiy,58.77,57.55,54.0,91,66,8.41,RU,2020-08-22 14:22:34,broken clouds
476,Ilulissat,69.22,-51.1,42.8,70,20,4.7,GL,2020-08-22 14:17:57,few clouds
477,Kuching,1.55,110.33,78.8,88,40,5.82,MY,2020-08-22 14:18:07,scattered clouds
478,Dharchula,29.85,80.53,71.6,75,98,1.39,IN,2020-08-22 14:20:25,light rain
479,Am Timan,11.03,20.28,83.43,74,98,6.46,TD,2020-08-22 14:22:34,light rain
480,Paveh,35.04,46.36,91.4,9,0,16.11,IR,2020-08-22 14:22:34,clear sky
481,Egvekinot,66.32,-179.17,45.59,99,100,5.44,RU,2020-08-22 14:17:54,moderate rain
482,Mnogovershinnyy,53.94,139.92,50.95,89,100,2.68,RU,2020-08-22 14:22:34,overcast clouds
483,Bocaiuva,-17.11,-43.81,77.0,50,75,6.93,BR,2020-08-22 14:22:34,broken clouds
484,Berbera,10.44,45.01,95.43,42,1,7.83,SO,2020-08-22 14:19:29,clear sky
485,Montpellier,43.61,3.88,95.0,28,2,11.41,FR,2020-08-22 14:22:35,clear sky
486,Rudnogorsk,57.26,103.75,59.07,65,34,2.98,RU,2020-08-22 14:22:35,scattered clouds
487,Binga,-17.62,27.34,77.61,46,1,9.57,ZW,2020-08-22 14:22:35,clear sky
488,Bunia,1.57,30.25,77.56,69,0,3.62,CD,2020-08-22 14:22:35,light rain
489,Chino Valley,34.76,-112.45,71.01,56,1,3.36,US,2020-08-22 14:22:35,clear sky
490,Luau,-10.71,22.22,94.24,16,13,5.12,AO,2020-08-22 14:22:35,few clouds
491,Port Augusta,-32.5,137.77,45.0,87,40,5.82,AU,2020-08-22 14:22:35,scattered clouds
492,Labuhan,-6.88,112.21,80.46,68,69,9.93,ID,2020-08-22 14:22:35,broken clouds
493,Birobidzhan,48.8,132.95,64.35,80,94,7.02,RU,2020-08-22 14:22:36,overcast clouds
494,Ust-Uda,54.17,103.03,56.71,92,4,3.6,RU,2020-08-22 14:22:36,clear sky
495,Shache,38.42,77.24,79.21,23,0,6.38,CN,2020-08-22 14:22:36,clear sky
496,Mashivka,49.44,34.87,72.64,47,16,10.85,UA,2020-08-22 14:22:36,few clouds
497,Samarai,-10.62,150.67,76.57,78,100,11.86,PG,2020-08-22 14:22:36,overcast clouds
498,Puke,42.04,19.9,93.2,32,0,5.82,AL,2020-08-22 14:22:36,clear sky
499,Bambanglipuro,-7.95,110.28,75.76,89,50,7.0,ID,2020-08-22 14:22:36,scattered clouds
500,Dolores,-36.31,-57.68,52.57,49,0,9.62,AR,2020-08-22 14:22:36,clear sky
501,Arlit,18.74,7.39,99.82,27,20,3.91,NE,2020-08-22 14:22:36,few clouds
502,Mastic Beach,40.77,-72.85,80.6,69,1,3.36,US,2020-08-22 14:17:58,clear sky
503,Barrhead,55.8,-4.39,66.2,68,20,16.11,GB,2020-08-22 14:22:36,few clouds
504,Shuangyang,43.52,125.67,66.2,77,100,2.24,CN,2020-08-22 14:22:37,overcast clouds
505,Lincoln,40.8,-96.67,78.01,73,1,8.05,US,2020-08-22 14:21:59,clear sky
506,Zeya,53.75,127.27,57.9,77,0,3.87,RU,2020-08-22 14:22:37,clear sky
507,Bonnyville,54.27,-110.73,62.6,88,90,9.17,CA,2020-08-22 14:22:37,overcast clouds
508,Baker City,44.77,-117.83,57.2,82,1,5.82,US,2020-08-22 14:22:37,clear sky
509,Hofn,64.25,-15.21,55.4,43,40,17.22,IS,2020-08-22 14:22:37,scattered clouds
510,Polczyn-Zdroj,53.76,16.1,79.0,10,100,12.1,PL,2020-08-22 14:22:37,light rain
511,Ileza,61.05,43.9,72.7,56,5,3.42,RU,2020-08-22 14:22:37,clear sky
512,Manta,-0.95,-80.73,69.8,88,90,5.82,EC,2020-08-22 14:22:37,light intensity drizzle
513,Saint-Pierre,-21.34,55.48,71.6,68,1,19.46,RE,2020-08-22 14:18:27,clear sky
514,Ambilobe,-13.2,49.05,81.86,47,35,4.5,MG,2020-08-22 14:22:38,scattered clouds
515,Ajmer,26.45,74.63,82.13,77,98,8.63,IN,2020-08-22 14:22:38,light rain
516,Mana,5.66,-53.78,86.13,61,0,6.91,GF,2020-08-22 14:22:38,light rain
517,Byron Bay,-28.65,153.62,55.4,50,0,11.41,AU,2020-08-22 14:18:21,clear sky
518,Naze,28.37,129.48,82.4,83,100,2.24,JP,2020-08-22 14:22:38,overcast clouds
519,Souillac,-20.52,57.52,73.4,73,75,12.75,MU,2020-08-22 14:22:38,shower rain
520,Yeovil,50.94,-2.63,69.01,56,99,18.34,GB,2020-08-22 14:22:38,overcast clouds
521,Taunggyi,20.78,97.03,65.79,100,100,1.16,MM,2020-08-22 14:22:38,light rain
522,Prince George,53.92,-122.75,52.0,87,90,13.87,CA,2020-08-22 14:22:38,overcast clouds
523,Staroaleyskoye,51.01,82.0,61.84,54,87,4.36,RU,2020-08-22 14:22:38,overcast clouds
524,La Asuncion,11.03,-63.86,84.2,79,99,3.36,VE,2020-08-22 14:22:38,overcast clouds
525,Pichucalco,17.52,-93.07,80.6,83,40,3.36,MX,2020-08-22 14:22:39,scattered clouds
526,Springdale,36.19,-94.13,75.0,83,1,2.75,US,2020-08-22 14:21:55,clear sky
527,Puerto Princesa,9.74,118.74,80.94,82,91,5.53,PH,2020-08-22 14:22:39,overcast clouds
528,Osoyoos,49.03,-119.45,61.0,69,0,2.84,CA,2020-08-22 14:22:39,clear sky
529,Giresun,40.5,38.5,71.6,88,75,25.28,TR,2020-08-22 14:22:30,thunderstorm with light rain
530,Manono,-7.3,27.42,96.94,20,31,7.0,CD,2020-08-22 14:22:39,scattered clouds
531,La Libertad,-2.23,-80.9,68.0,88,90,6.93,EC,2020-08-22 14:22:39,overcast clouds
532,Lavrentiya,65.58,-171.0,45.55,95,100,11.95,RU,2020-08-22 14:18:19,light rain
533,Xuddur,4.12,43.89,84.67,41,100,22.08,SO,2020-08-22 14:22:39,overcast clouds
534,Brande,55.94,9.12,70.0,64,66,18.34,DK,2020-08-22 14:22:40,light rain
535,Chaohu,31.6,117.87,77.0,100,20,6.71,CN,2020-08-22 14:22:40,thunderstorm with light rain
536,Matamoros,25.53,-103.25,78.8,34,20,1.5,MX,2020-08-22 14:22:40,few clouds
537,Maldonado,-34.67,-54.92,55.4,50,0,3.36,UY,2020-08-22 14:22:40,clear sky
538,Santa Rosa,14.31,121.11,84.99,74,53,10.29,PH,2020-08-22 14:21:13,broken clouds
539,Rocha,-34.48,-54.33,56.98,44,0,2.26,UY,2020-08-22 14:22:40,clear sky
540,Kamina,-8.74,24.99,89.38,21,71,7.0,CD,2020-08-22 14:22:40,broken clouds
541,Bourail,-21.57,165.48,66.2,81,4,4.92,NC,2020-08-22 14:22:40,clear sky
542,Gamba,-2.65,10.0,76.33,75,93,8.43,GA,2020-08-22 14:22:40,overcast clouds
543,Lethem,3.38,-59.8,88.0,56,0,4.47,GY,2020-08-22 14:17:56,clear sky
544,Salinopolis,-0.61,-47.36,85.17,65,0,7.96,BR,2020-08-22 14:22:40,clear sky
545,Boa Vista,2.82,-60.67,87.8,52,20,4.7,BR,2020-08-22 14:22:41,few clouds
546,Nouadhibou,20.93,-17.03,84.2,54,0,16.11,MR,2020-08-22 14:20:22,clear sky
547,Luderitz,-26.65,15.16,74.95,19,0,4.59,NA,2020-08-22 14:22:41,clear sky
548,Anloga,5.79,0.9,80.6,78,40,13.87,GH,2020-08-22 14:22:41,scattered clouds
549,Mozzozzin,17.45,121.75,79.36,86,100,1.72,PH,2020-08-22 14:22:41,overcast clouds
550,Malindi,-3.22,40.12,80.6,69,75,19.46,KE,2020-08-22 14:22:41,broken clouds
551,Chabahar,25.29,60.64,89.6,70,40,18.34,IR,2020-08-22 14:22:41,scattered clouds
552,Arona,28.1,-16.68,93.2,21,0,34.45,ES,2020-08-22 14:18:49,clear sky
553,Aklavik,68.22,-135.01,50.0,100,90,10.29,CA,2020-08-22 14:22:41,overcast clouds
554,Gambo,4.65,22.26,86.65,51,61,5.26,CF,2020-08-22 14:22:42,broken clouds
555,Bluefield,37.27,-81.22,73.0,88,90,2.04,US,2020-08-22 14:22:42,overcast clouds
556,Lompoc,34.64,-120.46,60.8,87,90,4.47,US,2020-08-22 14:22:42,overcast clouds
557,Kasongo-Lunda,-6.47,16.82,92.75,34,75,2.86,CD,2020-08-22 14:22:42,broken clouds
558,Svetlogorsk,52.63,29.73,72.73,56,47,5.73,BY,2020-08-22 14:18:23,scattered clouds
559,Sukhothai,17.25,99.67,76.89,89,100,4.09,TH,2020-08-22 14:22:42,overcast clouds
560,Buin,-33.73,-70.75,66.99,25,0,0.34,CL,2020-08-22 14:22:42,clear sky
561,Presidente Epitacio,-21.76,-52.12,62.01,56,0,9.35,BR,2020-08-22 14:22:42,clear sky
562,Vinh,18.67,105.67,80.85,85,11,3.02,VN,2020-08-22 14:22:33,few clouds
563,Santa Cruz,-17.8,-63.17,55.4,58,75,11.41,BO,2020-08-22 14:18:44,broken clouds
564,Banda Aceh,5.56,95.32,80.11,80,62,7.18,ID,2020-08-22 14:18:52,moderate rain
565,Bardejov,49.29,21.27,84.2,51,0,9.17,SK,2020-08-22 14:22:43,clear sky
566,Nara,34.69,135.8,78.01,98,77,1.81,JP,2020-08-22 14:21:20,light rain
567,Zharkent,44.16,80.0,77.63,20,100,5.75,KZ,2020-08-22 14:22:43,overcast clouds
568,Rorvik,64.86,11.24,61.29,86,100,12.97,NO,2020-08-22 14:22:43,moderate rain
569,Neiafu,-18.65,-173.98,77.0,94,20,11.41,TO,2020-08-22 14:22:43,few clouds
570,La Orilla,17.98,-102.23,78.39,87,72,4.41,MX,2020-08-22 14:22:43,broken clouds
571,Salalah,17.02,54.09,78.8,94,90,4.7,OM,2020-08-22 14:22:43,overcast clouds
572,Laguna,38.42,-121.42,68.0,77,1,3.36,US,2020-08-22 14:22:43,clear sky
573,Kulu,39.1,33.08,81.07,27,0,17.31,TR,2020-08-22 14:22:43,clear sky
574,Gryazovets,58.88,40.25,71.35,56,0,0.81,RU,2020-08-22 14:22:44,clear sky
575,Sinjar,36.32,41.88,96.35,15,0,18.68,IQ,2020-08-22 14:22:44,clear sky
576,Lac Du Bonnet,50.25,-96.06,68.0,99,38,7.81,CA,2020-08-22 14:22:44,scattered clouds
577,Maceio,-9.67,-35.74,78.8,69,75,13.87,BR,2020-08-22 14:18:48,broken clouds
578,Kota Belud,6.35,116.43,77.0,94,20,4.7,MY,2020-08-22 14:22:44,thunderstorm
579,Phan Thiet,10.93,108.1,79.43,89,84,6.87,VN,2020-08-22 14:22:44,broken clouds
580,San Ignacio,17.16,-89.07,82.4,78,20,2.24,BZ,2020-08-22 14:20:42,few clouds
581,Kwinana,-32.25,115.77,62.01,87,40,9.17,AU,2020-08-22 14:22:44,scattered clouds
582,Tocopilla,-22.09,-70.2,65.34,49,1,5.57,CL,2020-08-22 14:22:44,clear sky
583,Huarmey,-10.07,-78.15,64.54,68,10,7.78,PE,2020-08-22 14:22:44,clear sky
584,Colac,-38.33,143.58,44.01,98,90,1.01,AU,2020-08-22 14:22:44,light rain
585,Gagino,55.23,45.03,64.26,65,100,6.78,RU,2020-08-22 14:22:45,overcast clouds
586,Victor Harbor,-35.57,138.62,46.0,91,30,13.62,AU,2020-08-22 14:22:45,scattered clouds
587,Qiongshan,20.01,110.35,78.8,100,3,2.24,CN,2020-08-22 14:22:45,clear sky
588,Sadri,25.18,73.43,81.5,84,100,6.08,IN,2020-08-22 14:22:45,heavy intensity rain
589,Akyab,20.15,92.9,81.86,81,100,4.07,MM,2020-08-22 14:22:45,overcast clouds
590,Baghdad,33.34,44.4,107.6,15,0,9.17,IQ,2020-08-22 14:22:45,clear sky
591,Sakakah,29.97,40.21,100.4,11,0,14.99,SA,2020-08-22 14:22:45,clear sky
592,Dombarovskiy,50.76,59.54,68.45,45,98,6.38,RU,2020-08-22 14:22:45,overcast clouds
593,Nizwa,22.93,57.53,99.19,30,100,2.95,OM,2020-08-22 14:22:45,light rain
594,Hoquiam,46.98,-123.89,55.99,100,1,3.36,US,2020-08-22 14:22:45,clear sky
595,Mandera,3.94,41.87,89.89,35,100,20.94,KE,2020-08-22 14:22:45,overcast clouds
596,Zhuanghe,39.7,122.99,73.0,79,100,2.1,CN,2020-08-22 14:22:46,overcast clouds
597,Dharmadam,11.78,75.43,80.6,88,40,1.12,IN,2020-08-22 14:22:46,scattered clouds
598,Chapais,49.78,-74.85,57.2,76,90,4.7,CA,2020-08-22 14:22:46,overcast clouds
599,Harsin,34.27,47.59,91.4,2,0,13.87,IR,2020-08-22 14:22:46,clear sky
600,Makakilo City,21.35,-158.09,77.0,69,1,4.7,US,2020-08-22 14:22:46,clear sky
601,Cangucu,-31.39,-52.68,59.0,41,0,3.36,BR,2020-08-22 14:22:46,clear sky
602,Srednekolymsk,67.45,153.68,38.44,81,100,12.33,RU,2020-08-22 14:22:46,overcast clouds
603,Loding,67.3,14.75,62.6,88,75,9.17,NO,2020-08-22 14:22:46,light intensity shower rain
604,Lubao,14.92,120.55,84.99,94,90,3.36,PH,2020-08-22 14:22:46,moderate rain
605,Magistralnyy,56.17,107.45,56.93,89,100,0.72,RU,2020-08-22 14:22:47,overcast clouds
606,Santa Fe,-31.63,-60.7,60.01,28,0,10.0,AR,2020-08-22 14:22:47,clear sky
607,Lithakia,37.72,20.83,95.0,32,0,5.82,GR,2020-08-22 14:22:47,clear sky
608,Vila Do Maio,15.13,-23.22,84.2,70,40,9.17,CV,2020-08-22 14:22:47,scattered clouds
609,Gannan,47.91,123.5,63.63,69,100,7.54,CN,2020-08-22 14:22:47,overcast clouds
610,Burns Lake,54.23,-125.75,43.5,89,79,5.66,CA,2020-08-22 14:22:47,broken clouds
611,Champerico,14.3,-91.92,77.0,94,75,10.51,GT,2020-08-22 14:22:47,broken clouds
612,Ojinaga,29.57,-104.42,84.2,42,1,6.93,MX,2020-08-22 14:22:47,clear sky
613,Oktyabrskiy,54.48,53.47,60.51,76,15,8.61,RU,2020-08-22 14:22:47,light rain
614,Nantucket,41.28,-70.1,75.2,83,1,10.29,US,2020-08-22 14:22:47,clear sky
615,Ponta Delgada,37.73,-25.67,77.0,78,20,6.93,PT,2020-08-22 14:17:55,few clouds
616,Le Port,-20.94,55.29,71.6,60,40,14.99,RE,2020-08-22 14:22:48,scattered clouds
617,Qaqortoq,60.72,-46.03,48.2,70,40,4.7,GL,2020-08-22 14:22:48,scattered clouds
618,Mahina,-17.51,-149.49,71.6,94,20,4.7,PF,2020-08-22 14:22:48,few clouds
619,Fairbanks,64.84,-147.72,53.6,93,90,4.12,US,2020-08-22 14:18:40,overcast clouds
620,Amahai,-3.33,128.92,77.07,85,33,3.09,ID,2020-08-22 14:22:48,light rain
621,Uyemskiy,64.47,40.85,77.0,53,40,4.47,RU,2020-08-22 14:22:48,scattered clouds
622,Lai,9.4,16.3,80.37,84,94,5.93,TD,2020-08-22 14:22:48,light rain
623,Okhotsk,59.38,143.3,52.81,75,92,6.58,RU,2020-08-22 14:22:48,light rain
624,Atambua,-9.11,124.89,68.79,83,6,5.32,ID,2020-08-22 14:22:48,clear sky
625,Lakshmipur,22.95,90.83,79.75,90,100,9.42,BD,2020-08-22 14:22:48,overcast clouds
626,Houma,29.6,-90.72,84.99,74,1,4.52,US,2020-08-22 14:22:49,clear sky
627,Ocos,14.51,-92.19,77.0,100,90,7.38,GT,2020-08-22 14:22:49,overcast clouds
628,Bratsk,56.13,101.61,64.4,55,6,4.47,RU,2020-08-22 14:22:39,clear sky
629,Wana,32.3,69.57,80.08,60,12,6.06,PK,2020-08-22 14:22:49,light rain
630,Matara,5.95,80.54,80.01,85,95,6.02,LK,2020-08-22 14:22:49,overcast clouds
631,Nortelandia,-14.45,-56.8,67.53,45,9,6.98,BR,2020-08-22 14:22:49,clear sky
632,Moussoro,13.64,16.49,88.05,48,100,5.21,TD,2020-08-22 14:22:49,overcast clouds
633,Puerto Baquerizo Moreno,-0.9,-89.6,65.71,84,99,12.55,EC,2020-08-22 14:22:49,overcast clouds
634,Komsomolskiy,40.43,71.72,91.4,21,0,2.24,UZ,2020-08-22 14:17:56,clear sky
635,Barao De Melgaco,-16.19,-55.97,57.2,67,75,6.93,BR,2020-08-22 14:22:49,broken clouds
636,Susuman,62.78,148.17,29.08,96,100,2.46,RU,2020-08-22 14:22:50,overcast clouds
637,Puerto Madryn,-42.77,-65.04,58.5,38,0,17.07,AR,2020-08-22 14:22:50,clear sky
638,Alyangula,-13.85,136.42,62.6,88,0,12.5,AU,2020-08-22 14:22:50,clear sky
639,Springfield,37.22,-93.3,77.0,69,1,4.7,US,2020-08-22 14:20:58,clear sky
640,Yerofey Pavlovich,53.97,121.97,54.18,84,0,4.88,RU,2020-08-22 14:19:14,clear sky
641,Sibu,2.3,111.82,77.0,94,40,4.7,MY,2020-08-22 14:22:50,scattered clouds
642,Lakes Entrance,-37.88,147.98,44.01,87,86,1.01,AU,2020-08-22 14:22:50,overcast clouds
643,Sanandaj,35.31,46.99,91.4,9,0,16.11,IR,2020-08-22 14:22:50,clear sky
644,Verkhoyansk,67.54,133.38,36.52,81,91,4.03,RU,2020-08-22 14:22:50,overcast clouds
645,Murud,18.33,72.97,80.46,87,100,15.19,IN,2020-08-22 14:22:51,moderate rain
646,Baracoa,20.35,-74.5,84.16,77,57,11.77,CU,2020-08-22 14:22:51,light rain
647,Talas,38.69,35.55,75.2,38,75,10.29,TR,2020-08-22 14:22:51,broken clouds
648,Apiai,-24.51,-48.84,47.88,80,91,4.32,BR,2020-08-22 14:21:56,overcast clouds
649,Sarangani,5.4,125.46,84.04,72,0,7.65,PH,2020-08-22 14:22:51,clear sky
650,Koroni,36.8,21.95,93.2,24,0,12.75,GR,2020-08-22 14:22:51,clear sky
651,Manakara,-22.13,48.02,71.65,72,0,5.64,MG,2020-08-22 14:22:51,clear sky
652,Rakai,-0.72,31.48,78.8,41,69,13.38,UG,2020-08-22 14:22:51,broken clouds
653,Vizinga,61.07,50.1,66.97,61,50,4.0,RU,2020-08-22 14:22:51,scattered clouds
654,Biu,10.61,12.19,79.7,72,51,7.61,NG,2020-08-22 14:22:51,broken clouds
655,Botou,38.07,116.57,68.67,69,0,3.04,CN,2020-08-22 14:22:52,clear sky
656,Hurghada,27.26,33.81,90.91,30,0,24.27,EG,2020-08-22 14:20:54,clear sky
657,Angoram,-4.06,144.07,75.2,92,8,0.89,PG,2020-08-22 14:22:52,clear sky
658,Katobu,-4.94,122.53,73.04,85,100,4.32,ID,2020-08-22 14:22:52,overcast clouds
659,Sulphur Springs,33.14,-95.6,82.0,69,1,3.51,US,2020-08-22 14:22:52,clear sky
660,Muzhi,65.37,64.67,61.02,58,94,10.13,RU,2020-08-22 14:22:52,overcast clouds
661,Campbell River,50.02,-125.24,51.01,100,75,3.24,CA,2020-08-22 14:19:05,broken clouds
662,Tanabe,33.73,135.37,78.01,86,85,5.37,JP,2020-08-22 14:22:52,light rain
663,Kisangani,0.52,25.2,84.2,39,75,6.93,CD,2020-08-22 14:22:52,broken clouds
664,Urgut,39.4,67.24,89.6,22,0,6.93,UZ,2020-08-22 14:22:52,clear sky
665,Pacific Grove,36.62,-121.92,62.6,77,90,3.02,US,2020-08-22 14:22:52,haze
666,Tikapur,28.5,81.13,81.0,95,14,5.97,NP,2020-08-22 14:22:53,light rain
667,Port-Gentil,-0.72,8.78,82.4,65,90,10.0,GA,2020-08-22 14:22:53,overcast clouds
668,Paamiut,61.99,-49.67,45.07,81,0,10.07,GL,2020-08-22 14:22:53,clear sky
669,Verkhnyaya Toyma,62.23,45.0,74.32,55,23,5.55,RU,2020-08-22 14:19:04,few clouds
670,Chunskiy,56.08,99.63,62.51,80,95,3.22,RU,2020-08-22 14:22:53,overcast clouds
671,Kenai,60.55,-151.26,46.4,93,1,4.76,US,2020-08-22 14:22:53,clear sky
672,Ukiah,39.15,-123.21,60.8,82,1,3.36,US,2020-08-22 14:20:31,clear sky
673,Shamary,57.34,58.22,57.74,75,69,7.14,RU,2020-08-22 14:22:53,broken clouds
674,Gat,31.61,34.76,88.0,55,0,1.01,IL,2020-08-22 14:22:53,clear sky
675,Piritiba,-11.73,-40.56,78.42,53,31,7.81,BR,2020-08-22 14:22:54,scattered clouds
676,High Rock,26.62,-78.28,87.8,79,40,11.41,BS,2020-08-22 14:22:54,scattered clouds
677,Korgoz,40.3,49.62,75.2,73,40,32.21,AZ,2020-08-22 14:22:54,scattered clouds
678,Carutapera,-1.2,-46.02,86.72,62,0,8.99,BR,2020-08-22 14:22:54,clear sky
679,Porto Murtinho,-21.7,-57.88,58.84,49,4,4.43,BR,2020-08-22 14:22:54,clear sky
680,Kijang,35.24,129.21,80.6,69,75,2.24,KR,2020-08-22 14:22:54,broken clouds
681,Boende,-0.22,20.87,81.97,76,100,5.21,CD,2020-08-22 14:22:54,light rain
682,Asekeyevo,53.57,52.8,64.17,64,14,7.72,RU,2020-08-22 14:22:54,few clouds
683,Nouakchott,18.09,-15.98,91.4,63,0,14.99,MR,2020-08-22 14:19:15,clear sky
684,Kaohsiung,22.62,120.31,81.0,100,75,1.12,TW,2020-08-22 14:22:54,broken clouds
685,Hualmay,-11.1,-77.61,63.41,70,20,8.46,PE,2020-08-22 14:22:54,few clouds
686,Alice Town,25.72,-79.3,83.59,79,97,16.26,BS,2020-08-22 14:22:55,light rain
687,Voronovytsya,49.11,28.68,78.8,39,0,6.71,UA,2020-08-22 14:22:55,clear sky
688,Liberal,37.04,-100.92,69.8,64,1,10.29,US,2020-08-22 14:22:55,clear sky
689,Starokozache,46.34,29.99,86.0,30,20,13.42,UA,2020-08-22 14:22:55,few clouds
690,Ambanja,-13.68,48.45,79.81,58,46,4.61,MG,2020-08-22 14:22:55,scattered clouds
691,Agadez,19.75,10.25,102.16,20,0,7.05,NE,2020-08-22 14:22:55,clear sky
692,Price,39.6,-110.81,69.8,28,1,6.93,US,2020-08-22 14:22:56,clear sky
693,Terrace Bay,48.78,-87.1,62.6,88,75,2.24,CA,2020-08-22 14:22:56,broken clouds
694,Bloomsburg,41.0,-76.45,81.0,70,11,2.91,US,2020-08-22 14:22:56,few clouds
695,Karratha,-20.74,116.85,71.06,62,0,3.71,AU,2020-08-22 14:22:56,clear sky
696,Copiapo,-27.37,-70.33,53.6,71,90,9.17,CL,2020-08-22 14:22:56,overcast clouds
697,Warmbad,-28.45,18.73,82.56,11,0,12.15,NA,2020-08-22 14:22:56,clear sky
698,Wilmington,34.23,-77.94,84.0,69,1,8.05,US,2020-08-22 14:22:56,clear sky
699,Tornio,65.85,24.15,66.2,82,75,12.75,FI,2020-08-22 14:22:56,broken clouds
700,Santo Domingo,18.5,-69.99,86.0,70,40,18.34,DO,2020-08-22 14:22:57,scattered clouds
701,Sola,-13.88,167.55,80.19,82,100,19.01,VU,2020-08-22 14:22:57,overcast clouds
